StartDate,EndDate,Status,IPAddress,Progress,Duration (in seconds),Finished,RecordedDate,ResponseId,RecipientLastName,RecipientFirstName,RecipientEmail,ExternalReference,LocationLatitude,LocationLongitude,DistributionChannel,UserLanguage,Q1,Q2,Q3,Q4,Q7,Q5,Q6,Q6,Q8_1,Q8_2,Q8_3,Q8_4,Q9,Q10,Q11_1,Q11_2,Q11_3,Q11_4,Q11_5,Q12
Start Date,End Date,Response Type,IP Address,Progress,Duration (in seconds),Finished,Recorded Date,Response ID,Recipient Last Name,Recipient First Name,Recipient Email,External Data Reference,Location Latitude,Location Longitude,Distribution Channel,User Language,What college are you primarily affiliated with?,What is your (primary) major?,What year are you?,Gender,Extracurricular involvements (select all that apply),Are you an international or domestic (U.S.) student?,What country are you from?,What state are you from?,How do you perceive yourself? - Low energy (0) vs. High energy (10),How do you perceive yourself? - Pessimistic (0) vs. Optimistic (10),How do you perceive yourself? - Introverted (0) vs. Extroverted (10),How do you perceive yourself? - Logical (0) vs. Emotional (10),"Link your Spotify profile here—this provides us with access to your public playlists. 
(ex. https://open.spotify.com/user/your_username)","Link a Spotify playlist that captures your music taste.



(This can be a playlist you listen to frequently, or this can be the contents of your Liked Songs copied into a playlist. Just make sure it's publicly accessible!)","If you have Spotify playlists for the following activities, please link them below. - Workout/gym","If you have Spotify playlists for the following activities, please link them below. - Study","If you have Spotify playlists for the following activities, please link them below. - Going out/party","If you have Spotify playlists for the following activities, please link them below. - Sleep","If you have Spotify playlists for the following activities, please link them below. - Commuting to class","If you would like the chance to win a $15 giftcard, please enter your Cornell email."
"{""ImportId"":""startDate"",""timeZone"":""America/Denver""}","{""ImportId"":""endDate"",""timeZone"":""America/Denver""}","{""ImportId"":""status""}","{""ImportId"":""ipAddress""}","{""ImportId"":""progress""}","{""ImportId"":""duration""}","{""ImportId"":""finished""}","{""ImportId"":""recordedDate"",""timeZone"":""America/Denver""}","{""ImportId"":""_recordId""}","{""ImportId"":""recipientLastName""}","{""ImportId"":""recipientFirstName""}","{""ImportId"":""recipientEmail""}","{""ImportId"":""externalDataReference""}","{""ImportId"":""locationLatitude""}","{""ImportId"":""locationLongitude""}","{""ImportId"":""distributionChannel""}","{""ImportId"":""userLanguage""}","{""ImportId"":""QID5""}","{""ImportId"":""QID14""}","{""ImportId"":""QID8""}","{""ImportId"":""QID10""}","{""ImportId"":""QID17""}","{""ImportId"":""QID11""}","{""ImportId"":""QID15""}","{""ImportId"":""QID16""}","{""ImportId"":""QID18_1""}","{""ImportId"":""QID18_2""}","{""ImportId"":""QID18_3""}","{""ImportId"":""QID18_4""}","{""ImportId"":""QID19_TEXT""}","{""ImportId"":""QID20_TEXT""}","{""ImportId"":""QID21_1""}","{""ImportId"":""QID21_2""}","{""ImportId"":""QID21_3""}","{""ImportId"":""QID21_4""}","{""ImportId"":""QID21_5""}","{""ImportId"":""QID24_TEXT""}"
2023-04-12 15:22:47,2023-04-12 15:24:16,IP Address,*******,100,89,True,2023-04-12 15:24:17,R_2YtbSvySpz2s87b,*******,*******,*******,*******,*******,*******,qr,EN,(CALS) College of Agriculture and Life Sciences,Biometry and Statistics,"Undergraduate, 4th year (2023)",Male,"Project team,Other club/team",Domestic,,Florida,4,7,4,2,N/A,N/A,,,,,,
2023-04-12 15:22:48,2023-04-12 15:26:13,IP Address,*******,100,205,True,2023-04-12 15:26:14,R_24ixQUbGn1AHnjs,*******,*******,*******,*******,*******,*******,qr,EN,(AS) College of Arts and Sciences,Computer Science,"Undergraduate, 1st year (2026)",Male,Other club/team,International,Korea South,,7,8,7,4,https://open.spotify.com/user/6cjzkudbvmwfe963clvemzwkj?si=IWqFrs39QyGRaWApMgiZ2g,https://open.spotify.com/playlist/5Kwx1SSB0poloL4c8bYjbi?si=tYGNnUVwR1Ovh1W8fOVfEA&pt=d8599803d6ed7acb67aebee6d10b992d,,https://open.spotify.com/playlist/37HUliOloWGEI8xcwDP4gO?si=R1nLqHidSfGU5gERcXFp3A,,https://open.spotify.com/playlist/37HUliOloWGEI8xcwDP4gO?si=R1nLqHidSfGU5gERcXFp3A,https://open.spotify.com/playlist/5Kwx1SSB0poloL4c8bYjbi?si=kvg9dowXT5OZMCdv2b5aZg,
2023-04-12 15:22:51,2023-04-12 15:26:40,IP Address,*******,100,229,True,2023-04-12 15:26:41,R_aWSgue6VU9HyHMR,*******,*******,*******,*******,*******,*******,qr,EN,(AS) College of Arts and Sciences,Government,"Undergraduate, 1st year (2026)",Female,Professional club,International,Indonesia,,6,4,8,5,https://open.spotify.com/user/vqlx3sn88fh9295cpn4z7toip?si=n_cPRMHBR_-9lgIbKG1R3g,https://open.spotify.com/playlist/6huxxOvKkbRujM52ZhPh6t?si=j_2IVfaLQSuHb0Mi4tTZGw,,,,,,
2023-04-12 15:23:43,2023-04-12 15:27:00,IP Address,*******,100,196,True,2023-04-12 15:27:01,R_1ZlhfgfxDDChj8d,*******,*******,*******,*******,*******,*******,qr,EN,(ENG) College of Engineering,Operations Research and Engineering,"Undergraduate, 1st year (2026)",Male,Greek life,International,United States,,7,8,7,5,N/A,N/A,,,,,,
2023-04-12 15:23:38,2023-04-12 15:27:54,IP Address,*******,100,255,True,2023-04-12 15:27:55,R_3VhV0o58jU19TgZ,*******,*******,*******,*******,*******,*******,qr,EN,(CALS) College of Agriculture and Life Sciences,Biometry and Statistics,"Undergraduate, 1st year (2026)",Male,Other club/team,Domestic,,New York,6,7,7,6,https://spotify.link/TMooCDXNWyb,https://spotify.link/j4bwrv0NWyb,https://spotify.link/syJm5f6NWyb,,,,,
2023-04-12 15:22:52,2023-04-12 15:27:57,IP Address,*******,100,304,True,2023-04-12 15:28:00,R_eb7uAMgObdAnDKp,*******,*******,*******,*******,*******,*******,qr,EN,(ENG) College of Engineering,Cognitive Science,"Undergraduate, 1st year (2026)",Male,"Project team,Other club/team",Domestic,,New Jersey,4,4,4,4,https://open.spotify.com/user/m3l6ktgr5im6yormbf36etw78?si=EMuJ9dHESQeYdI-tp9vjOA,https://open.spotify.com/playlist/3Tp8L5xWN4OQCiq2AmlrcW?si=lG0smKEZTBirZK3XW6ATnQ,https://open.spotify.com/playlist/4ueOZx7jYJC1s5DIx7Z5gx?si=CfCx6XBiTWOuGE7gp3iZNg,,,,,
2023-04-12 15:22:53,2023-04-12 15:31:17,IP Address,*******,100,504,True,2023-04-12 15:31:17,R_2zvCkP5x6cFU7Wq,*******,*******,*******,*******,*******,*******,qr,EN,(ILR) School of Industrial and Labor Relations,Industrial and Labor Relations,"Undergraduate, 3rd year (2024)",Female,"Professional club,Other club/team",Domestic,,New York,5,7,5,7,https://open.spotify.com/user/t4llwr7d08bca91rqn1ro2aau?si=Vsg4CeA6QxGhR19cqmYFzw&dd=1,https://open.spotify.com/playlist/76R0Tg5FCTrbPncMbLpRTO?si=qP76fvPMRM2NS3IEsJf2Hw&dd=1,,,,,,
2023-04-12 19:11:33,2023-04-12 19:13:47,IP Address,*******,100,134,True,2023-04-12 19:13:50,R_x9plVUB2wt5mmK5,*******,*******,*******,*******,*******,*******,anonymous,EN,(ENG) College of Engineering,Computer Science,"Undergraduate, 4th year (2023)",Male,Project team,Domestic,,Texas,5,8,5,3,https://open.spotify.com/user/ejlity?si=B7MbIeFaQ1WzSanzYIs48Q&dd=1,https://open.spotify.com/playlist/07epaq8mPbCBZyy3jYB7s6?si=Cpr2S8F6Qsuc0F8wEqQvSA&dd=1,,,,,,
2023-04-12 19:11:47,2023-04-12 19:15:04,IP Address,*******,100,196,True,2023-04-12 19:15:05,R_1M0NBxws8mRe3ca,*******,*******,*******,*******,*******,*******,anonymous,EN,(CALS) College of Agriculture and Life Sciences,Global Development,"Undergraduate, 3rd year (2024)",Female,Other club/team,Domestic,,New York,2,7,0,4,open.spotify.com/user/ssa.lang,open.Spotify.com/playlist/375pZENFBRu50rqPEthuCe,,,,,,
2023-04-12 19:13:24,2023-04-12 19:18:04,IP Address,*******,100,280,True,2023-04-12 19:18:05,R_2fIkqfcGTNlHwGt,*******,*******,*******,*******,*******,*******,anonymous,EN,(AS) College of Arts and Sciences,Biological Sciences,"Undergraduate, 3rd year (2024)",Female,"Professional club,Other club/team",Domestic,,New York,6,6,3,6,https://open.spotify.com/playlist/37i9dQZF1E38jsEXdYWJNs?si=rOaN9AylT9-bm_1DBpm-Bg,https://open.spotify.com/playlist/37i9dQZF1E38jsEXdYWJNs?si=rOaN9AylT9-bm_1DBpm-Bg,https://open.spotify.com/playlist/5xS3Gi0fA3Uo6RScucyct6?si=YoX9hvf2TbWSl98HBE1hSg,https://open.spotify.com/playlist/37i9dQZF1EIYHlfEDwnhiL?si=Z7z_dXdwT8qaTNBqD-Z2Cg,https://open.spotify.com/playlist/5xS3Gi0fA3Uo6RScucyct6?si=YoX9hvf2TbWSl98HBE1hSg,https://open.spotify.com/playlist/37i9dQZF1EIYHlfEDwnhiL?si=Z7z_dXdwT8qaTNBqD-Z2Cg,https://open.spotify.com/playlist/37i9dQZF1EVHGWrwldPRtj?si=bewyS2x3TYK4tTqeoJAlog,
2023-04-12 19:27:07,2023-04-12 19:28:28,IP Address,*******,100,80,True,2023-04-12 19:28:29,R_2E9OWhKZkEnxjyy,*******,*******,*******,*******,*******,*******,anonymous,EN,(ENG) College of Engineering,Computer Science,"Undergraduate, 3rd year (2024)",Female,Other club/team,Domestic,,New York,4,6,8,8,"i use apple music ",i use apple music,,,,,,
2023-04-12 19:44:15,2023-04-12 19:46:31,IP Address,*******,100,136,True,2023-04-12 19:46:33,R_3iJArw44JVEDEVv,*******,*******,*******,*******,*******,*******,anonymous,EN,(AS) College of Arts and Sciences,Mathematics,"Undergraduate, 2nd year (2025)",Female,"Professional club,Other club/team",Domestic,,Connecticut,2,7,1,5,https://open.spotify.com/user/aaa9rnpre89bf2i0tx7ihyem0?si=pj6BdmT7Tr2Qryo_SNkyRA&dd=1,https://open.spotify.com/playlist/4WjCgwiirz98lGP4LLDXya?si=3e9I42feTa6gIC3BmCtWXQ&dd=1,,https://open.spotify.com/playlist/75P8aVPlabMcGgmfy6A8PR?si=5YlUsLY0QAGTjWdjrsAw5g&dd=1,,,,
2023-04-12 19:44:26,2023-04-12 19:54:11,IP Address,*******,100,585,True,2023-04-12 19:54:11,R_2D2KUo2rgZdUU6c,*******,*******,*******,*******,*******,*******,anonymous,EN,"(AAP) College of Architecture, Art and Planning",Fine Arts,"Undergraduate, 2nd year (2025)",Female,Other club/team,Domestic,,California,7,3,5,3,https://spotify.link/aAdsyTz6Wyb,https://spotify.link/KAdAaL16Wyb,,https://spotify.link/PiGozS86Wyb,,https://spotify.link/2Gh4Fz66Wyb,,
2023-04-12 20:52:50,2023-04-12 21:03:39,IP Address,*******,100,648,True,2023-04-12 21:03:40,R_0Gl95qYEWmSiOOd,*******,*******,*******,*******,*******,*******,anonymous,EN,(AS) College of Arts and Sciences,English,"Undergraduate, other",Female,"Professional club,Other club/team",Domestic,,New York,5,8,6,7,https://open.spotify.com/user/deadpan.typicalnerdbird1492,https://open.spotify.com/playlist/6O8Gd241tsClSB4lw856nz?si=cbAQmAMpSZOY7Acibj2KuA&dd=1,https://open.spotify.com/playlist/3cgTaDVasXgEObwjGK7FFu?si=gSk0AbLSQmGKTKt4AlVuMQ&dd=1,https://open.spotify.com/playlist/3tGQUB0EjqFykVp92Gc5uw?si=h-JcaNKMTOCsqQ7xyEr_kQ&dd=1,,https://open.spotify.com/playlist/6HfiVdghosyMS88WevL8Np?si=hxMBAcoLTk2B3pIx8iaL_Q&pt=f843a7adbf7b8a9587f2a0a694b16ef3&dd=1,https://open.spotify.com/playlist/3nUAsSk8rEWKowQlW0pOHB?si=aITSxOuJSdqK3wXVqw8ycQ&dd=1,
2023-04-12 21:03:12,2023-04-12 21:06:18,IP Address,*******,100,186,True,2023-04-12 21:06:18,R_cGSoZvWnzQZb4xX,*******,*******,*******,*******,*******,*******,anonymous,EN,(CALS) College of Agriculture and Life Sciences,Information Science,"Undergraduate, 4th year (2023)",Female,Other club/team,Domestic,,New York,7,8,5,2,https://open.spotify.com/user/fluttershyfatima?si=shVvhI0-R-Ol_iKTp41r3w,https://open.spotify.com/playlist/48ufj7347MnwH70Xld4YsA?si=cmXH2kIHSiWMq4pJQMQK0w,,,,,,
2023-04-12 21:16:32,2023-04-12 21:22:24,IP Address,*******,100,351,True,2023-04-12 21:22:25,R_3CHgwr6eDdZI94f,*******,*******,*******,*******,*******,*******,anonymous,EN,(AS) College of Arts and Sciences,Government,"Undergraduate, 3rd year (2024)",Female,Other club/team,Domestic,,Mississippi,5,5,4,8,https://open.spotify.com/user/1283949946?si=njdCLliISceaeUSWh_m3Mg,https://open.spotify.com/playlist/3FLTO5QNCWTguivDUPvOWN?si=yqvL5f14StOj3GcKxO9K3w,https://open.spotify.com/playlist/6M9RziV7gkFz9gficg59tD?si=Nz6irmSaReKy_HsvLsUNDg,https://open.spotify.com/playlist/32hpqnOCX6YUH7ppk9MkW7?si=82EdhJR3RCqedWcjafYDcw,https://open.spotify.com/playlist/4BIbSL8yR154GjD9ky1GtI?si=sM1UPVEaQrOmWg4-M2WXYg,https://open.spotify.com/playlist/2x2kvO5kP1e36KmMFsDwFS?si=hevXKqEhRu-2NUQ9wFrH3g,https://open.spotify.com/playlist/0PwT4umg8ZSar47Xal1HI4?si=q22xq7eARQqUWCz8I7v84w,
2023-04-12 21:29:54,2023-04-12 21:36:17,IP Address,*******,100,382,True,2023-04-12 21:36:18,R_1d9V7qBQP1ouZAp,*******,*******,*******,*******,*******,*******,anonymous,EN,(ENG) College of Engineering,Operations Research and Engineering,"Undergraduate, 3rd year (2024)",Male,"Professional club,Other club/team",Domestic,,New York,5,4,4,3,https://open.spotify.com/user/31m3onadeh4wxucgckv3fhcyeoqu?si=PcKUpm_zRo-bOsNVgTOTmA&dd=1,https://open.spotify.com/playlist/26zMq20Djd7RRzRPF0Kwj0?si=nyx7nrxyTKGy_2zhSgbbIQ&pt=646fbbaba7e388d72c979fb830052a05&dd=1,https://open.spotify.com/playlist/7F0HcjeuLDVLUqMSfaTWEu?si=zndIl04IQX-vw9z_WoFuPQ&pt=870ca1e7f6c010288fd748bc91d1aca4&dd=1,,,,,
2023-04-13 08:06:23,2023-04-13 08:10:11,IP Address,*******,100,228,True,2023-04-13 08:10:13,R_3Hvt0lxOzHwMb9e,*******,*******,*******,*******,*******,*******,anonymous,EN,"(AAP) College of Architecture, Art and Planning",Architecture,"Undergraduate, 4th year (2023)",Non-binary,Other club/team,Domestic,,California,4,8,8,5,https://open.spotify.com/user/sir.frances.drake?si=GorchigSTZ6zCBI2w1atng,https://open.spotify.com/playlist/2PZz6fMoxK9hjeuMWNlOiT?si=z1ZtfDPOSxCI4yxlCJyYGg,https://open.spotify.com/playlist/0CstjCXmmr46WfGpjEHp2t?si=D8X9dIwGQIG8UU8cSJ1Akg,,,,https://open.spotify.com/playlist/7ctkSAKDjZAx9i6fgEPmag?si=BZX5yfXxTAqkLBXsNQCJqw,
2023-04-13 10:49:15,2023-04-13 10:52:20,IP Address,*******,100,185,True,2023-04-13 10:52:21,R_2WOK1CQjK1boji1,*******,*******,*******,*******,*******,*******,qr,EN,(AS) College of Arts and Sciences,Information Science,"Undergraduate, 3rd year (2024)",Female,"Project team,Other club/team",Domestic,,New Jersey,2,7,0,4,https://open.spotify.com/user/seemslikehope?si=833659d674204ddf,https://open.spotify.com/playlist/5A9uhfIdtzM6k6bTvRLDee?si=37dca15c2eec4935,,https://open.spotify.com/playlist/1QYOmFyhVOWjXdncInfARL?si=93bad55f97ed410c,,,,
2023-04-13 12:22:43,2023-04-13 12:28:14,IP Address,*******,100,330,True,2023-04-13 12:28:15,R_29o8QllfNaljB54,*******,*******,*******,*******,*******,*******,anonymous,EN,(AS) College of Arts and Sciences,Information Science,"Undergraduate, 2nd year (2025)",Female,"Professional club,Other club/team",Domestic,,New York,7,3,7,6,https://open.spotify.com/user/tiffxny.lee?si=2lCvxMTUT9qrGgTN4MPKog&dd=1,https://open.spotify.com/playlist/6RuMpBJvQ6We4yeULKyqOS?si=P6MWVYjFQy6j-8SG061pSw&dd=1,https://open.spotify.com/playlist/6n0dOVZVBSqyKUfuTz3ymq?si=hcMf59D0SPyZYX5ny9N_Zw&dd=1,https://open.spotify.com/playlist/7eUNgWwn2QbkSt4tpVW5io?si=AGmvg0C-TdCw7a6iyW7n2g&dd=1,https://open.spotify.com/playlist/1nbkCueotRCyjJAn5PKbZv?si=rf5zXysAR9aB8ruDdTMF4g&pt=ac9c9c66f7c0bd0affd604c6ae2e94ab&dd=1,,https://open.spotify.com/playlist/2Bu6XRY745D6qCLlormq0H?si=pcME5PpJQ-iDvS1I6Y5MQQ&dd=1,
2023-04-13 13:00:35,2023-04-13 13:03:00,IP Address,*******,100,144,True,2023-04-13 13:03:01,R_2YVW1X90ew6XFq5,*******,*******,*******,*******,*******,*******,anonymous,EN,"(AAP) College of Architecture, Art and Planning",Urban and Regional Studies,"Undergraduate, 2nd year (2025)",Non-binary,"Project team,Other club/team",International,Taiwan,,6,7,5,6,https://open.spotify.com/user/sharktiger,https://open.spotify.com/playlist/0JIeukHMyiTiXlwBlSIdQi?si=WWni1F9RTYa9r6noxhc0HA&dd=1,,https://open.spotify.com/playlist/1LKgvCXIaEGEOI8xjmhx4T?si=xbHY2oqJRkeOG1XqMthZwA&dd=1,,,https://open.spotify.com/playlist/4rT6XYrKMT0KAxi1sxqeOH?si=r1OFRvgfTvyT0NauhnFa_A&pt=a14c200d5f71ad2bc727b1335ade9853&dd=1,
2023-04-13 18:40:10,2023-04-13 18:44:15,IP Address,*******,100,244,True,2023-04-13 18:44:16,R_22WkXsuBs9xTTzp,*******,*******,*******,*******,*******,*******,qr,EN,(CALS) College of Agriculture and Life Sciences,Environment & Sustainability,"Undergraduate, 2nd year (2025)",Female,Other club/team,Domestic,,California,5,8,4,3,https://open.spotify.com/user/bn8wfbeyvujlinqcmoj41nymr?si=FBG9eByXR8KzvpJzdyaNRA,https://open.spotify.com/playlist/37i9dQZF1EQp62d3Dl7ECY?si=vHQaQYl7TRq-8klJmg1qCg,https://open.spotify.com/playlist/37i9dQZF1EVJSvZp5AOML2?si=Li4bGzbvSBqcwyna18_BRA,,,,,
2023-04-13 19:35:18,2023-04-13 20:06:37,IP Address,*******,100,1879,True,2023-04-13 20:06:38,R_Y01jXh0kIdq9H0t,*******,*******,*******,*******,*******,*******,qr,EN,(AS) College of Arts and Sciences,Economics,"Undergraduate, 3rd year (2024)",Female,Other club/team,Domestic,,Virginia,3,4,2,5,https://open.spotify.com/user/owllson?si=s5EV-Yq5QQSuTBaOo63Kjw&dd=1,https://open.spotify.com/playlist/5t30ve61tnOvF6N2y8ebFv?si=BRNIVRoPRY6jjf2oShNIQQ&dd=1,,,,,,
2023-04-13 19:50:02,2023-04-13 21:16:00,IP Address,*******,100,5157,True,2023-04-13 21:16:01,R_2f81tf8YS6E4w6Q,*******,*******,*******,*******,*******,*******,qr,EN,(CALS) College of Agriculture and Life Sciences,Plant Sciences,"Undergraduate, 2nd year (2025)",Male,"Greek life,Other club/team",Domestic,,Texas,9,8,8,6,https://spotify.link/Fkuo2nHRYyb,https://spotify.link/vs1WQhPRYyb,https://spotify.link/KxtQCBQRYyb,https://spotify.link/okQfiDTRYyb,,https://spotify.link/Qogv5ASRYyb,https://spotify.link/PL3D0PRRYyb,
2023-04-13 21:37:15,2023-04-13 21:40:14,IP Address,*******,100,179,True,2023-04-13 21:40:15,R_wMKdxyOjs8GNGpP,*******,*******,*******,*******,*******,*******,qr,EN,(CALS) College of Agriculture and Life Sciences,Biological Sciences,"Undergraduate, 2nd year (2025)",Female,"Greek life,Sports team",Domestic,,California,7,5,8,4,https://open.spotify.com/user/alexabarton16?si=QdYqBPlzSg6afi_mDx4Bng&dd=1,"my music taste is so broad i don’t think i could ",,,,,,
2023-04-14 20:22:16,2023-04-14 20:28:35,IP Address,*******,100,378,True,2023-04-14 20:28:36,R_3FX8yDTL4CFAZ0Q,*******,*******,*******,*******,*******,*******,qr,EN,(ENG) College of Engineering,Environmental Engineering,"Undergraduate, 2nd year (2025)",Female,"Professional club,Project team,Other club/team",Domestic,,New York,3,6,6,2,spotify:user/isabellikescake,https://open.spotify.com/playlist/4oNiNUbYFbDdgXRA17cYve?si=ZuZOYgdPQ2q_MRPOo-msbQ,https://open.spotify.com/album/7fJJK56U9fHixgO0HQkhtI?si=DNGJqqkrSB-Kxk0Wmjmlag,https://open.spotify.com/album/02VRifrsiTM73hPGjXduRQ?si=i6jQg8kURz2Qh2gKgvT8kw,,https://open.spotify.com/playlist/0sSdzCus81fvvCgbqpI9Ne?si=2BoGMOlzQfSzwAE30ADv9w,,
2023-04-14 20:23:59,2023-04-14 20:28:51,IP Address,*******,100,291,True,2023-04-14 20:28:51,R_10rxgdHiFTzG7sI,*******,*******,*******,*******,*******,*******,qr,EN,(DYSON) Dyson School of Applied Economics and Management,Applied Economics and Management,"Undergraduate, 4th year (2023)",Female,"Professional club,Other club/team",Domestic,,Florida,8,8,6,5,https://open.spotify.com/user/mtaakmfvi2rkrcrkbg3qsv1b0?si=l5KadrIaQWudbf4g1quYDg&dd=1,https://open.spotify.com/playlist/37i9dQZF1EQp9BVPsNVof1?si=BMmtAg9RQJGrec7YFKq0Kw&dd=1,https://open.spotify.com/playlist/051LepUjoE5zFswGg5QBLn?si=LKpukC2VSkybKMisyyJa4Q&dd=1,https://open.spotify.com/album/35DIb6j45YmbHAfyN7HgaG?si=7j7vP82tSFagaui5MuKQeQ&dd=1,https://open.spotify.com/playlist/051LepUjoE5zFswGg5QBLn?si=LKpukC2VSkybKMisyyJa4Q&dd=1,,,
2023-04-14 16:28:21,2023-04-15 08:26:17,IP Address,*******,100,57475,True,2023-04-15 08:26:18,R_2OJ4I5gLIHWBK68,*******,*******,*******,*******,*******,*******,qr,EN,(AS) College of Arts and Sciences,Computer Science,"Undergraduate, 2nd year (2025)",Male,Project team,Domestic,,California,3,4,4,0,https://open.spotify.com/user/31tczmefxwht47ndcx5rnqqztaaa,https://open.spotify.com/playlist/1fTbG9mJmTO8LyQj3xn1ph,https://open.spotify.com/playlist/1v8eG4MZtafehNdzAgBNSC,https://open.spotify.com/playlist/4MpNkWN2TVWOgwVI8Y9Nan,,,https://open.spotify.com/playlist/7rny1UVcWJjUeOgLxelSaD,
2023-04-14 15:08:36,2023-04-15 14:58:54,IP Address,*******,100,85818,True,2023-04-15 14:58:56,R_2wKnAHl4crg6wYX,*******,*******,*******,*******,*******,*******,qr,EN,(CALS) College of Agriculture and Life Sciences,Interdisciplinary Studies,"Undergraduate, 4th year (2023)",Female,Other club/team,Domestic,,Michigan,8,7,7,8,https://open.spotify.com/user/alayna.earl?si=kl8LfeQ6R8u-akPzQuWgDA,https://open.spotify.com/playlist/5czDQNlzs3VlcvvLqVjOjc?si=B1tMB-T-TRefPRRPnPNGyg,,https://open.spotify.com/playlist/37i9dQZF1DWXHghfFFOaS6?si=OFB2zBXgSJ2TBJ_CdDq-qA,https://open.spotify.com/playlist/3YO9O9tbLFxc0JBWkXFkgO?si=WhYs3aVaR4-y3edzDzWiTg,,https://open.spotify.com/playlist/6lmnlTvumFUSZwLJ6G6SRp?si=rYcMQlyOSPK5uW7AxI4v_w,
2023-04-16 10:31:34,2023-04-16 10:37:53,IP Address,*******,100,378,True,2023-04-16 10:37:54,R_3OqB0PqCZXGQP9j,*******,*******,*******,*******,*******,*******,qr,EN,(ILR) School of Industrial and Labor Relations,Industrial and Labor Relations,"Undergraduate, 2nd year (2025)",Male,Professional club,Domestic,,Georgia,5,5,3,3,https://open.spotify.com/user/n8hn1814?si=07868d45d0b5483b,https://open.spotify.com/playlist/37i9dQZF1E8OXlPJV1Fhcj?si=3f608ed308eb4261,,,,,,
2023-04-16 10:44:35,2023-04-16 10:47:33,IP Address,*******,100,177,True,2023-04-16 10:47:35,R_3hE068vFM2dcdKv,*******,*******,*******,*******,*******,*******,qr,EN,(CALS) College of Agriculture and Life Sciences,Environment & Sustainability,"Undergraduate, 2nd year (2025)",Female,Sports team,Domestic,,California,6,8,5,2,Could you please explain where these are going before you ask??,Where is this going??,,,,,,
2023-04-16 18:45:35,2023-04-16 18:54:54,IP Address,*******,100,559,True,2023-04-16 18:54:56,R_O0sCfsalHiqIsIF,*******,*******,*******,*******,*******,*******,qr,EN,(CALS) College of Agriculture and Life Sciences,Biological Sciences,"Undergraduate, 2nd year (2025)",Male,Other club/team,Domestic,,New York,10,7,10,0,https://open.spotify.com/user/d4iyjnkubkj5j1rmdr6rxdp1y,https://open.spotify.com/playlist/3tkCSFuV6OKj9yRumHxvUV,https://open.spotify.com/playlist/3I4RVazgNG0J8zvT3XXJVk,https://open.spotify.com/playlist/0ky5kkIYXQhUzI4p2yRIkY,https://open.spotify.com/playlist/63WdiXxQOIuFE8bUZh7ryn,,https://open.spotify.com/playlist/37i9dQZF1E8O0snIzge4LW,
2023-04-16 20:29:43,2023-04-16 20:42:22,IP Address,*******,100,759,True,2023-04-16 20:42:23,R_piVkE0FWucsCf73,*******,*******,*******,*******,*******,*******,anonymous,EN,(CALS) College of Agriculture and Life Sciences,Information Science,"Undergraduate, 2nd year (2025)",Female,"Greek life,Professional club,Sports team",Domestic,,New York,4,6,3,4,https://open.spotify.com/user/bad_mug,https://open.spotify.com/playlist/6mpNNOfNp4cd4NGBlbbytT?si=a42863b8669c4f79,,,,https://open.spotify.com/playlist/7dgsvVGeXLqgq4AEmGQPY3?si=a93203b01d7f42b8,,
2023-04-16 20:43:59,2023-04-16 20:55:36,IP Address,*******,100,696,True,2023-04-16 20:55:38,R_RJjPhHZ4jcVyNcl,*******,*******,*******,*******,*******,*******,anonymous,EN,(HUMEC) College of Human Ecology,Human Development,"Undergraduate, 2nd year (2025)",Female,Professional club,Domestic,,New Jersey,5,4,5,8,"aishwarrya ",idk,,,,,,
2023-04-16 20:44:01,2023-04-16 21:07:17,IP Address,*******,100,1396,True,2023-04-16 21:07:17,R_D2ZrV2zWBTzrDtD,*******,*******,*******,*******,*******,*******,anonymous,EN,(ILR) School of Industrial and Labor Relations,Industrial and Labor Relations,"Undergraduate, 2nd year (2025)",Female,"Professional club,Other club/team",Domestic,,Pennsylvania,8,7,6,7,https://open.spotify.com/user/sup.arna?si=4bdb5bd5f8a5400a,https://open.spotify.com/playlist/6h6lNjEg3xDETKmR42HMwN?si=217ed7b5689b4113,https://open.spotify.com/playlist/1giCRfdtexinkVT9e5cUVy?si=684416d7f5304f60,"https://open.spotify.com/playlist/4MjkYgGnThc5jtiIQhKr95?si=9ae80557ea5740bb, https://open.spotify.com/playlist/5Q05wUjiAkco2FkFBE7IN6?si=da623a7701034fb9",https://open.spotify.com/playlist/6awfIhLuyAoYbqLampHPUl?si=9f7d878c62a6435e,https://open.spotify.com/playlist/7gYRoBCjOzCVkVptWz9vSz?si=37e06516b7134d45,https://open.spotify.com/playlist/4HmDQWPDPLIM7O51kBjKnz?si=0301967b9a6f4c8b,
2023-04-17 17:58:18,2023-04-17 18:03:47,IP Address,*******,100,328,True,2023-04-17 18:03:47,R_yNQcFBNMl4XHSDv,*******,*******,*******,*******,*******,*******,qr,EN,(ENG) College of Engineering,Civil Engineering,"Undergraduate, 2nd year (2025)",Male,Sports team,Domestic,,Florida,7,10,6,0,https://open.spotify.com/user/kobitravels?si=MwTeiv4DSOyEqao05Ww4Pw&dd=1,https://open.spotify.com/playlist/5muJpAQEfqq7KpGYblzPlq?si=MzjCG4ZIR-av2kcOLKBVAw&dd=1,,,,,,
2023-04-18 13:53:07,2023-04-18 13:57:31,IP Address,*******,100,264,True,2023-04-18 13:57:32,R_32VAw0eVL09hjry,*******,*******,*******,*******,*******,*******,anonymous,EN,(AS) College of Arts and Sciences,Biology & Society,"Undergraduate, 3rd year (2024)",Female,"Professional club,Other club/team",Domestic,,New York,4,3,3,2,https://open.spotify.com/user/jessica20022?si=9a45ee53b7554f1e,https://open.spotify.com/playlist/5Qqt8yo09q7xZ5ReLqhNmc?si=c7ae283791994936,,,,,,
2023-04-18 14:26:35,2023-04-18 14:30:03,IP Address,*******,100,208,True,2023-04-18 14:30:04,R_2ByCE2gj8Uu70Mk,*******,*******,*******,*******,*******,*******,qr,EN,(CALS) College of Agriculture and Life Sciences,Chemistry,Graduate student,Female,Other club/team,Domestic,,Texas,2,2,2,5,Don't have one,Don't have one,,Anything similar to Kujira by Kokia,,,,fmz8@cornell.edu
2023-04-18 14:26:36,2023-04-18 14:31:20,IP Address,*******,100,283,True,2023-04-18 14:31:21,R_29aZP3MU125uwIa,*******,*******,*******,*******,*******,*******,qr,EN,(CALS) College of Agriculture and Life Sciences,Biological Engineering,Graduate student,Female,Other club/team,Domestic,,North Carolina,8,10,6,5,https://open.spotify.com/user/o035tufj1j2to59df208ozh5k?si=0qUHa2p9QEyI4oBm_HWKtA,https://open.spotify.com/playlist/3c35ukeLgJ9A8BcAIKEqE8?si=ULMMQgDmQMmlDj5NjGzS6w,,https://open.spotify.com/playlist/4JxfowM3T8EJGOJ5hUG1Nv?si=252IYgOcQOW2SYfQ_bUx8w,,https://open.spotify.com/playlist/37i9dQZF1DX4aYNO8X5RpR?si=QeFwvPnUTjWAVOYViaJKJg,,ekp38@cornell.edu
2023-04-18 14:39:30,2023-04-18 14:44:33,IP Address,*******,100,303,True,2023-04-18 14:44:35,R_3e4CFbIoJrtlL8o,*******,*******,*******,*******,*******,*******,anonymous,EN,(AS) College of Arts and Sciences,Biological Sciences,"Undergraduate, 1st year (2026)",Female,Other club/team,Domestic,,Georgia,4,6,4,4,https://open.spotify.com/user/meepsymo,https://open.spotify.com/playlist/5cNruL2ImTgGNs6PGMtBB3?si=Gx2re61wRpuXlGa38KrT-w&dd=1,,https://open.spotify.com/playlist/2l0qeM2JSbflunD6YAb53S?si=HaRKw1U2RgSw0dRcdR3WZQ&dd=1,,,,Ljl92@cornell.edu
2023-04-18 14:51:24,2023-04-18 14:53:40,IP Address,*******,100,135,True,2023-04-18 14:53:41,R_cXZqg5vGs9Br1h7,*******,*******,*******,*******,*******,*******,anonymous,EN,(ENG) College of Engineering,Electrical and Computer Engineering,"Undergraduate, 3rd year (2024)",Female,"Professional club,Project team,Other club/team",Domestic,,New York,8,9,5,5,https://open.spotify.com/user/vbvb101,https://spotify.link/AcoM3d1I6yb,https://spotify.link/VBONHu2I6yb,,https://spotify.link/YrwNLe5I6yb,https://spotify.link/ppAcMx3I6yb,,vb269@cornell.edu
2023-04-18 14:45:12,2023-04-18 14:54:19,IP Address,*******,100,547,True,2023-04-18 14:54:20,R_12SFUERFNmh9rg2,*******,*******,*******,*******,*******,*******,anonymous,EN,(AS) College of Arts and Sciences,Biology & Society,"Undergraduate, 4th year (2023)",Female,"Greek life,Professional club,Other club/team",Domestic,,Colorado,4,3,3,9,https://spotify.link/NDW6RYPI6yb,https://spotify.link/whMSlkRI6yb,https://spotify.link/Wxi7kmZI6yb,https://spotify.link/xeV9QH0I6yb,https://spotify.link/bUGjG67I6yb,https://spotify.link/xeV9QH0I6yb,https://spotify.link/gQTfxE6I6yb,sxh2@cornell.edu
2023-04-18 15:03:05,2023-04-18 15:06:29,IP Address,*******,100,203,True,2023-04-18 15:06:29,R_3J4bvTGBPNYfYGm,*******,*******,*******,*******,*******,*******,anonymous,EN,(ENG) College of Engineering,Computer Science,"Undergraduate, 1st year (2026)",Male,"Greek life,Other club/team",Domestic,,New York,7,2,7,3,https://open.spotify.com/user/dihbuj006e36pz2kkpeiyr9it?si=4jbkqpsiQ--qy9Cz8_ImYQ,https://open.spotify.com/playlist/7gL1eq34DxiadmuE7bmEVy?si=xgtwgR70QYqLHa1JroN6ow,https://open.spotify.com/playlist/2wMvZO1CvrPo3eaRtz9jZf?si=d6e2hq_5TaOwnOLUbCOYWw,,,,,jnm224@cornell.edu
2023-04-18 15:03:49,2023-04-18 15:08:19,IP Address,*******,100,269,True,2023-04-18 15:08:19,R_3ksnOKvH3AQZitr,*******,*******,*******,*******,*******,*******,anonymous,EN,(ENG) College of Engineering,Chemical Engineering,"Undergraduate, 1st year (2026)",Female,Project team,Domestic,,Alaska,6,5,8,9,https://open.spotify.com/user/clarebelman?si=adf1a3db5d024eaf,https://open.spotify.com/playlist/3Ra2zsL1U62CS8GZfaUGQd?si=4b69d9a8b44b433d,https://open.spotify.com/playlist/3J5sALR3VLCEEfj3KJq0gN?si=3c89ec5ad7d24348,https://open.spotify.com/album/6oXxmHlIYxA9Qh7AxPKWM1?si=nUF8fSz7TsGXr0Pn1PVgOQ,https://open.spotify.com/playlist/6Tz02X7XmgqP4ppkBC5VFZ?si=44d6fb3bc3ba4042,https://open.spotify.com/show/6wegpF4BHu5dQG7sTg1Cz9?si=952fa7ba09d348ec,,csb256@cornell.edu
2023-04-18 15:05:35,2023-04-18 15:09:48,IP Address,*******,100,253,True,2023-04-18 15:09:49,R_24MmKS8fipHB5u4,*******,*******,*******,*******,*******,*******,anonymous,EN,(ENG) College of Engineering,Biomedical Engineering,"Undergraduate, 1st year (2026)",Female,"Project team,Other club/team",Domestic,,Connecticut,7,7,7,3,https://open.spotify.com/user/1re58jm2ppu8vkex6p2lqkyvt?si=rMOtf03uRiGUyRFetqKZrA,https://open.spotify.com/playlist/3UvOPnR4IknreDPJuh7o9Q?si=s6CTJSeFRmG-HM9IKY6CwA,,https://open.spotify.com/playlist/1tPp03rBoJAbWzeA2N3l7r?si=cvp0zwfgTbCROPQHYugyKA,https://open.spotify.com/playlist/6AAzKNg767FqktSth7oyFZ?si=4_tTMbzOTiWzppqrz2X2fg,,https://open.spotify.com/playlist/2SnivMl0uimLIgNPFlZmKo?si=XN4aito3RW6rvZfXKSwLlg,rjk287@cornell.edu
2023-04-18 15:13:33,2023-04-18 15:18:31,IP Address,*******,100,298,True,2023-04-18 15:18:32,R_2WVDqSBNN3dr02p,*******,*******,*******,*******,*******,*******,anonymous,EN,(AS) College of Arts and Sciences,Archaeology,Graduate student,Female,Other club/team,Domestic,,Texas,9,6,9,10,https://open.spotify.com/user/andreacmauri,https://open.spotify.com/playlist/3WDZHsvw7sGppGbvhNh6M1?si=WTa3uNPTSCyy4wsZEI6lgg,,https://open.spotify.com/playlist/5SuOnJE61s3cx5DbejDW1I?si=Mrxn7cmuTT-rPGJJezlN_A,,,https://open.spotify.com/playlist/25cpoGkXapCamwlD5HYBZP?si=Sg_MLGEZS1qzhxDjhVSabQ,acm344@cornell.edu
2023-04-18 15:27:32,2023-04-18 15:31:50,IP Address,*******,100,257,True,2023-04-18 15:31:50,R_sunhNEfCIPFHPsl,*******,*******,*******,*******,*******,*******,qr,EN,(AS) College of Arts and Sciences,Psychology,"Undergraduate, 1st year (2026)",Female,"Professional club,Other club/team",Domestic,,Texas,3,3,3,7,https://open.Spotify.com/user/lucyyang2520,https://open.spotify.com/playlist/5lFCqNe4RpZN8JigGQKX3i?si=CJCgRkweSeCS33xnqKHKjw,https://open.spotify.com/playlist/5lLRi6fbp6LyJMArUdtg8A?si=jhJLJaFORPmLH2emwyLhRQ,https://open.spotify.com/playlist/5tEceGNd2haPLYKjgq6JIx?si=VAQMMm2ES8GLKO80hwXsnA,,,,ly375@cornell.edu
2023-04-18 15:31:59,2023-04-18 15:35:04,IP Address,*******,100,184,True,2023-04-18 15:35:04,R_2R8IyplN1jWgjP1,*******,*******,*******,*******,*******,*******,anonymous,EN,(CALS) College of Agriculture and Life Sciences,Communication,"Undergraduate, 3rd year (2024)",Female,Other club/team,Domestic,,New York,5,4,5,2,https://spotify.link/1dVvESVL6yb,https://spotify.link/iAEmKi2L6yb,,,,,,Mb2479@cornell.edu
2023-04-18 15:41:53,2023-04-18 15:46:45,IP Address,*******,100,291,True,2023-04-18 15:46:46,R_2CfDvjPpMzqDasX,*******,*******,*******,*******,*******,*******,anonymous,EN,(CALS) College of Agriculture and Life Sciences,Environment & Sustainability,"Undergraduate, 2nd year (2025)",Female,Other club/team,Domestic,,Massachusetts,3,4,3,6,https://open.spotify.com/user/olivia-1212?si=af777c15e2524cca,https://open.spotify.com/playlist/37i9dQZF1F0sijgNaJdgit?si=7e193a0504c943ce,https://open.spotify.com/playlist/45ApDsrFzWcw5W2TtU4Cmt?si=2174195764bb439f,https://open.spotify.com/playlist/37i9dQZF1DXdf43Md5h6cE?si=8930d99a55c445f2,https://open.spotify.com/playlist/5144oSaOdJcrXOxhkCLRM6?si=6ef8a31c6b3c4d57,,,olf9@cornell.edu
2023-04-18 15:57:59,2023-04-18 15:59:53,IP Address,*******,100,114,True,2023-04-18 15:59:55,R_ZgACdrC5AStTA8F,*******,*******,*******,*******,*******,*******,anonymous,EN,(ENG) College of Engineering,Computer Science,"Undergraduate, 3rd year (2024)",Female,"Professional club,Project team,Other club/team",Domestic,,Florida,1,1,1,1,https://open.spotify.com/user/12124545665?si=8P6hMkUDQI-Yp3jKth1TYw,https://open.spotify.com/playlist/3gCWjlFL8JKwmpfUO5z6dz?si=Kj3DtZDJTxOkWttCbNL6ow,,,,,,syz7@cornell.edu
2023-04-18 17:35:58,2023-04-18 17:38:16,IP Address,*******,100,138,True,2023-04-18 17:38:17,R_1KeAWziBMNZe8sQ,*******,*******,*******,*******,*******,*******,anonymous,EN,(HUMEC) College of Human Ecology,"Human Biology, Health and Society","Undergraduate, 3rd year (2024)",Female,Other club/team,Domestic,,New York,7,4,6,7,https://open.spotify.com/user/12139305999?si=qa1Jkln8Sn6EoeFsXLIlSw&dd=1,https://open.spotify.com/playlist/7JrjIHbnlSdDOM5QKZFxmW?si=qHHcUeZvSxydpGAoEX7URQ&dd=1,,,https://open.spotify.com/playlist/2Irha1kNA4iewUVS6usbvX?si=1e_E7Zk5Ru6JeaEIpRB0Bg&dd=1,,,lj238@cornell.edu
2023-04-18 18:34:16,2023-04-18 18:39:22,IP Address,*******,100,306,True,2023-04-18 18:39:24,R_1etu7GtazGFySNT,*******,*******,*******,*******,*******,*******,anonymous,EN,(ILR) School of Industrial and Labor Relations,Industrial and Labor Relations,"Undergraduate, 3rd year (2024)",Female,"Professional club,Other club/team",Domestic,,Oregon,6,8,3,2,https://open.spotify.com/user/jhkmaggie,https://spotify.link/V7wUEz4Y6yb,https://spotify.link/BOcbiN9Y6yb,https://spotify.link/0YKVfRaZ6yb,https://spotify.link/yNyKKYcZ6yb,,,mjp354@cornell.edu
2023-04-18 19:09:51,2023-04-18 19:15:00,IP Address,*******,100,309,True,2023-04-18 19:15:02,R_3NJlpunMJ4V9Nhj,*******,*******,*******,*******,*******,*******,anonymous,EN,(AS) College of Arts and Sciences,Information Science,"Undergraduate, 1st year (2026)",Prefer not to say,"Project team,Other club/team",Domestic,,New Jersey,6,5,4,6,https://open.spotify.com/user/eirian_h,https://open.spotify.com/playlist/0DXqxKkf3MhPKQWK1CQHCH?si=f9fee7ccec024d66,,https://open.spotify.com/playlist/0U7S0JZYbACooRtFLoKvZO?si=ae7102c222c045ef,,,,ehh56@cornell.edu
2023-04-19 08:59:17,2023-04-19 09:49:02,IP Address,*******,100,2984,True,2023-04-19 09:49:03,R_3oBZiOT3ONHO2sc,*******,*******,*******,*******,*******,*******,qr,EN,(ILR) School of Industrial and Labor Relations,Industrial and Labor Relations,"Undergraduate, 3rd year (2024)",Female,Other club/team,Domestic,,New York,4,7,2,5,https://open.spotify.com/user/lenatp808?si=U6Rxn9o3T1qWo0XRda7mYQ&dd=1,https://open.spotify.com/playlist/1iN7ylDPrM33SnFUIwmQxw?si=_E9hgmo6SgW8bpXnOdMuMA&dd=1,,,,,,ltp22@cornell.edu
2023-04-19 13:35:25,2023-04-19 13:38:21,IP Address,*******,100,175,True,2023-04-19 13:38:22,R_1LO9kvo1jPlz6cn,*******,*******,*******,*******,*******,*******,qr,EN,(ENG) College of Engineering,Mechanical Engineering,"Undergraduate, 2nd year (2025)",Female,Other club/team,Domestic,,New Jersey,7,7,8,3,https://open.spotify.com/user/ayamtume,https://open.spotify.com/playlist/5UH33M5hcThKmiAnrOJFrh?si=3274zwQ2RXKe36Kf_qn36Q&dd=1,,,https://open.spotify.com/playlist/1VUjSFXZofibFUzhip5WI0?si=fIxiVUvqRkezd3pApsks2A&dd=1,,,ajm448@cornell.edu
2023-04-12 13:47:24,2023-04-12 13:48:32,IP Address,*******,77,68,False,2023-04-19 13:48:40,R_23eF4JHhECImz8t,*******,*******,*******,*******,*******,*******,qr,EN,(CALS) College of Agriculture and Life Sciences,Information Science,"Undergraduate, 3rd year (2024)",Female,"Professional club,Project team",Domestic,,Connecticut,6,7,6,4,,,,,,,,
2023-04-12 15:22:53,2023-04-12 15:22:57,IP Address,*******,8,4,False,2023-04-19 15:23:00,R_3Hoa9mGdVEQ8lLs,*******,*******,*******,*******,*******,*******,qr,EN,,,,,,,,,,,,,,,,,,,,
2023-04-12 15:22:53,2023-04-12 15:23:39,IP Address,*******,77,46,False,2023-04-19 15:23:40,R_3e2I1yqRHQmHTyS,*******,*******,*******,*******,*******,*******,qr,EN,(AS) College of Arts and Sciences,Computer Science,"Undergraduate, 1st year (2026)",Male,Other club/team,Domestic,,New York,8,2,6,5,,,,,,,,
2023-04-12 15:23:02,2023-04-12 15:23:37,IP Address,*******,69,34,False,2023-04-19 15:23:42,R_XHtA5qO1uj5MICJ,*******,*******,*******,*******,*******,*******,qr,EN,(ENG) College of Engineering,Computer Science,"Undergraduate, 2nd year (2025)",Female,"Project team,Other club/team",Domestic,,Massachusetts,,,,,,,,,,,,
2023-04-12 15:22:52,2023-04-12 15:23:41,IP Address,*******,77,49,False,2023-04-19 15:23:43,R_yR2fXQbRBALGZI5,*******,*******,*******,*******,*******,*******,qr,EN,(DYSON) Dyson School of Applied Economics and Management,Applied Economics and Management,"Undergraduate, 1st year (2026)",Female,Professional club,Domestic,,New York,8,6,6,4,,,,,,,,
2023-04-12 15:22:56,2023-04-12 15:23:46,IP Address,*******,77,49,False,2023-04-19 15:23:47,R_3Dq2ZnErWmrN5by,*******,*******,*******,*******,*******,*******,qr,EN,(ENG) College of Engineering,Computer Science,"Undergraduate, 1st year (2026)",Male,"Project team,Other club/team",Domestic,,Massachusetts,4,6,2,2,,,,,,,,
2023-04-12 15:22:54,2023-04-12 15:24:02,IP Address,*******,77,67,False,2023-04-19 15:24:04,R_UFlLPhxGY6PEcSd,*******,*******,*******,*******,*******,*******,qr,EN,(CALS) College of Agriculture and Life Sciences,Biology & Society,"Undergraduate, 4th year (2023)",Female,"Project team,Other club/team",Domestic,,Pennsylvania,5,5,5,5,,,,,,,,
2023-04-12 15:22:57,2023-04-12 15:24:07,IP Address,*******,77,69,False,2023-04-19 15:24:08,R_2eX7l2xLCMxjkHu,*******,*******,*******,*******,*******,*******,qr,EN,(AS) College of Arts and Sciences,Statistical Science,"Undergraduate, 2nd year (2025)",Male,Other club/team,Domestic,,Maine,6,4,1,2,,,,,,,,
2023-04-12 15:22:50,2023-04-12 15:24:07,IP Address,*******,77,76,False,2023-04-19 15:24:08,R_32R37LhmQASTJrA,*******,*******,*******,*******,*******,*******,qr,EN,(CALS) College of Agriculture and Life Sciences,Biometry and Statistics,"Undergraduate, 2nd year (2025)",Female,"Professional club,Other club/team",Domestic,,New York,6,4,5,5,,,,,,,,
2023-04-12 15:22:57,2023-04-12 15:25:06,IP Address,*******,77,129,False,2023-04-19 15:25:09,R_31d6jyIfdo7CHEK,*******,*******,*******,*******,*******,*******,qr,EN,(AS) College of Arts and Sciences,Statistical Science,"Undergraduate, 1st year (2026)",Female,Other club/team,Domestic,,New York,8,5,8,8,,,,,,,,
2023-04-12 15:23:48,2023-04-12 15:25:17,IP Address,*******,69,88,False,2023-04-19 15:25:18,R_2Xom8p0dnWhZOBn,*******,*******,*******,*******,*******,*******,qr,EN,(CALS) College of Agriculture and Life Sciences,Information Science,"Undergraduate, 2nd year (2025)",Female,"Professional club,Project team,Other club/team",Domestic,,New Jersey,,,,,,,,,,,,
2023-04-12 15:22:51,2023-04-12 15:25:12,IP Address,*******,77,140,False,2023-04-19 15:25:19,R_26lEVUMHBojfLRt,*******,*******,*******,*******,*******,*******,qr,EN,(CALS) College of Agriculture and Life Sciences,Information Science,"Undergraduate, 3rd year (2024)",Female,"Greek life,Sports team",Domestic,,Washington,4,1,4,3,,,,,,,,
2023-04-12 15:25:23,2023-04-12 15:25:29,IP Address,*******,8,6,False,2023-04-19 15:25:30,R_pAxvMkRR5nTm1sl,*******,*******,*******,*******,*******,*******,qr,EN,,,,,,,,,,,,,,,,,,,,
2023-04-12 15:22:55,2023-04-12 15:25:35,IP Address,*******,77,159,False,2023-04-19 15:25:36,R_a5lHA2yQOK6jJ17,*******,*******,*******,*******,*******,*******,qr,EN,(CALS) College of Agriculture and Life Sciences,Biometry and Statistics,"Undergraduate, 1st year (2026)",Female,Other club/team,Domestic,,Massachusetts,7,8,6,6,,,,,,,,
2023-04-12 15:22:59,2023-04-12 15:26:01,IP Address,*******,77,181,False,2023-04-19 15:26:02,R_24oaqOskOwqbcVL,*******,*******,*******,*******,*******,*******,qr,EN,(ENG) College of Engineering,Operations Research and Engineering,"Undergraduate, 3rd year (2024)",Male,Other club/team,Domestic,,New Jersey,2,3,2,4,,,,,,,,
2023-04-12 15:26:18,2023-04-12 15:28:04,IP Address,*******,8,105,False,2023-04-19 15:28:07,R_1hDRk3Fb9FCgpTi,*******,*******,*******,*******,*******,*******,qr,EN,,,,,,,,,,,,,,,,,,,,
2023-04-12 15:41:50,2023-04-12 15:42:02,IP Address,*******,0,11,False,2023-04-19 15:42:05,R_31aOp0I3RjXDwS5,*******,*******,*******,*******,*******,*******,qr,EN,,,,,,,,,,,,,,,,,,,,
2023-04-12 17:58:15,2023-04-12 18:05:44,IP Address,*******,77,449,False,2023-04-19 18:05:46,R_2Eghax8Bc6RSm9E,*******,*******,*******,*******,*******,*******,anonymous,EN,(AS) College of Arts and Sciences,Statistical Science,"Undergraduate, 2nd year (2025)",Male,Professional club,Domestic,,New York,6,8,8,6,,,,,,,,
2023-04-12 19:05:22,2023-04-12 19:06:35,IP Address,*******,77,73,False,2023-04-19 19:06:45,R_3m2UvkRHVTQK3dj,*******,*******,*******,*******,*******,*******,anonymous,EN,(CALS) College of Agriculture and Life Sciences,Biological Sciences,"Undergraduate, 3rd year (2024)",Male,Other club/team,Domestic,,New York,8,6,8,4,,,,,,,,
2023-04-12 19:07:10,2023-04-12 19:07:22,IP Address,*******,8,11,False,2023-04-19 19:07:25,R_27EG3slINuiohlD,*******,*******,*******,*******,*******,*******,anonymous,EN,,,,,,,,,,,,,,,,,,,,
2023-04-12 19:11:16,2023-04-12 19:12:27,IP Address,*******,77,71,False,2023-04-19 19:12:29,R_2bHuRa9R5m3e4fw,*******,*******,*******,*******,*******,*******,anonymous,EN,(DYSON) Dyson School of Applied Economics and Management,Applied Economics and Management,"Undergraduate, 2nd year (2025)",Male,"Professional club,Other club/team",International,Saudi Arabia,,8,9,7,3,,,,,,,,
2023-04-12 19:20:40,2023-04-12 19:21:29,IP Address,*******,77,48,False,2023-04-19 19:21:31,R_2rjSViAbxpfXAxY,*******,*******,*******,*******,*******,*******,anonymous,EN,(ENG) College of Engineering,Electrical and Computer Engineering,"Undergraduate, 3rd year (2024)",Female,Project team,Domestic,,,4,2,1,1,,,,,,,,
2023-04-12 19:28:54,2023-04-12 19:28:59,IP Address,*******,8,4,False,2023-04-19 19:29:03,R_25Hf2m2lpRicnAq,*******,*******,*******,*******,*******,*******,anonymous,EN,,,,,,,,,,,,,,,,,,,,
2023-04-12 19:49:38,2023-04-12 19:50:28,IP Address,*******,77,49,False,2023-04-19 19:50:34,R_1LuQV7tOYvN2fH6,*******,*******,*******,*******,*******,*******,anonymous,EN,(AS) College of Arts and Sciences,Statistical Science,"Undergraduate, 1st year (2026)",Female,Other club/team,Domestic,,Florida,1,4,1,2,,,,,,,,
2023-04-12 20:20:50,2023-04-12 20:21:31,IP Address,*******,77,41,False,2023-04-19 20:21:37,R_2wzqoDUoJafvELJ,*******,*******,*******,*******,*******,*******,anonymous,EN,(ILR) School of Industrial and Labor Relations,Industrial and Labor Relations,"Undergraduate, 2nd year (2025)",Female,"Greek life,Professional club",Domestic,,Missouri,6,9,6,2,,,,,,,,
2023-04-12 20:48:06,2023-04-12 20:49:39,IP Address,*******,77,93,False,2023-04-19 20:49:44,R_1IEnzVHeZ84L5b6,*******,*******,*******,*******,*******,*******,anonymous,EN,(CALS) College of Agriculture and Life Sciences,Information Science,"Undergraduate, 2nd year (2025)",Female,Other club/team,Domestic,,New Jersey,5,8,4,7,,,,,,,,
2023-04-12 21:01:24,2023-04-12 21:05:09,IP Address,*******,77,224,False,2023-04-19 21:05:17,R_UDtScbyudry4h5D,*******,*******,*******,*******,*******,*******,anonymous,EN,(AS) College of Arts and Sciences,Mathematics,"Undergraduate, 1st year (2026)",Male,Other club/team,International,Nepal,,6,4,4,6,,,,,,,,
2023-04-12 21:06:41,2023-04-12 21:06:53,IP Address,*******,8,11,False,2023-04-19 21:06:55,R_3M6bl3SB2lytp5e,*******,*******,*******,*******,*******,*******,anonymous,EN,,,,,,,,,,,,,,,,,,,,
2023-04-12 21:21:06,2023-04-12 21:22:06,IP Address,*******,77,60,False,2023-04-19 21:22:13,R_3s0T2ribpwrsPAI,*******,*******,*******,*******,*******,*******,anonymous,EN,(CALS) College of Agriculture and Life Sciences,Biology & Society,"Undergraduate, 4th year (2023)",Female,"Sports team,Project team",Domestic,,Pennsylvania,5,5,6,5,,,,,,,,
2023-04-12 23:10:56,2023-04-12 23:11:55,IP Address,*******,77,59,False,2023-04-19 23:12:02,R_43fqyYmmKzbNGzn,*******,*******,*******,*******,*******,*******,anonymous,EN,(CALS) College of Agriculture and Life Sciences,Information Science,"Undergraduate, 2nd year (2025)",Female,"Greek life,Professional club,Sports team",Domestic,,New York,6,8,2,4,,,,,,,,
2023-04-13 00:20:08,2023-04-13 00:22:42,IP Address,*******,77,154,False,2023-04-20 00:22:44,R_27O24XUEid6oIk6,*******,*******,*******,*******,*******,*******,anonymous,EN,(HUMEC) College of Human Ecology,Fiber Science and Apparel Design,"Undergraduate, 4th year (2023)",Female,Other club/team,Domestic,,Florida,3,7,8,8,,,,,,,,
2023-04-13 07:05:56,2023-04-13 07:06:45,IP Address,*******,77,48,False,2023-04-20 07:06:50,R_1oAu1GPXVv7CaIu,*******,*******,*******,*******,*******,*******,anonymous,EN,(AS) College of Arts and Sciences,Economics,"Undergraduate, 4th year (2023)",Female,"Greek life,Professional club,Project team,Other club/team",International,United Kingdom,,6,3,7,3,,,,,,,,
2023-04-13 07:34:15,2023-04-13 07:35:28,IP Address,*******,77,73,False,2023-04-20 07:35:33,R_AG9TAZzjdneY02B,*******,*******,*******,*******,*******,*******,anonymous,EN,(ENG) College of Engineering,Engineering Physics,"Undergraduate, 2nd year (2025)",Male,Other club/team,International,India,,6,5,5,2,,,,,,,,
2023-04-13 10:48:12,2023-04-13 10:49:10,IP Address,*******,0,58,False,2023-04-20 10:49:44,R_9Y3xCNtAfT1VQv7,*******,*******,*******,*******,*******,*******,qr,EN,,,,,,,,,,,,,,,,,,,,
2023-04-13 12:28:22,2023-04-13 12:28:29,IP Address,*******,8,7,False,2023-04-20 12:28:34,R_3qlCgmu8Sdp6gqg,*******,*******,*******,*******,*******,*******,anonymous,EN,,,,,,,,,,,,,,,,,,,,
2023-04-20 12:41:05,2023-04-20 12:46:06,IP Address,*******,100,300,True,2023-04-20 12:46:07,R_21hzrBA5vFQNkku,*******,*******,*******,*******,*******,*******,anonymous,EN,(AS) College of Arts and Sciences,Statistical Science,"Undergraduate, 2nd year (2025)",Female,Other club/team,International,Thailand,,4,3,3,7,https://open.spotify.com/user/313sqjo7imdsqz2sub73bwrnsdlm,https://open.spotify.com/playlist/37i9dQZF1DX2aCk0vzzaZQ,,https://open.spotify.com/playlist/37i9dQZF1DX7Ope5RE4ePQ,,,,ac2295@cornell.edu
2023-04-13 14:53:59,2023-04-13 14:54:37,IP Address,*******,77,37,False,2023-04-20 14:56:20,R_3iR6nLtYgvE7tW5,*******,*******,*******,*******,*******,*******,anonymous,EN,(ENG) College of Engineering,Mechanical Engineering,"Undergraduate, 2nd year (2025)",Female,Project team,Domestic,,California,10,8,10,6,,,,,,,,
2023-04-13 14:57:16,2023-04-13 14:58:19,IP Address,*******,77,63,False,2023-04-20 14:58:21,R_tR7KVtfWzwXy5JD,*******,*******,*******,*******,*******,*******,anonymous,EN,(ILR) School of Industrial and Labor Relations,Industrial and Labor Relations,"Undergraduate, 2nd year (2025)",Female,Greek life,Domestic,,New Hampshire,5,9,6,4,,,,,,,,
2023-04-13 14:54:47,2023-04-13 14:54:52,IP Address,*******,8,5,False,2023-04-20 15:07:50,R_3flwvxrOnRwC3BI,*******,*******,*******,*******,*******,*******,anonymous,EN,,,,,,,,,,,,,,,,,,,,
2023-04-13 14:54:43,2023-04-13 14:55:22,IP Address,*******,77,39,False,2023-04-20 15:08:22,R_3dHg03fljxwlZPT,*******,*******,*******,*******,*******,*******,anonymous,EN,(AS) College of Arts and Sciences,Computer Science,"Undergraduate, 3rd year (2024)",Male,Greek life,Domestic,,Washington,3,5,7,3,,,,,,,,
2023-04-13 15:06:15,2023-04-13 15:07:11,IP Address,*******,77,55,False,2023-04-20 15:17:31,R_22DOgr2wz6H7rCn,*******,*******,*******,*******,*******,*******,anonymous,EN,(CALS) College of Agriculture and Life Sciences,Environment & Sustainability,"Undergraduate, 4th year (2023)",Male,Other club/team,Domestic,,New York,5,6,7,5,,,,,,,,
2023-04-13 15:50:41,2023-04-13 15:51:26,IP Address,*******,77,45,False,2023-04-20 15:51:28,R_3j0wePOdHLte61G,*******,*******,*******,*******,*******,*******,anonymous,EN,(CALS) College of Agriculture and Life Sciences,Biological Sciences,"Undergraduate, 2nd year (2025)",Male,Other club/team,Domestic,,New Jersey,4,4,4,3,,,,,,,,
2023-04-13 16:32:44,2023-04-13 16:33:39,IP Address,*******,77,54,False,2023-04-20 16:33:48,R_3RklIH70r3Imguy,*******,*******,*******,*******,*******,*******,anonymous,EN,(ENG) College of Engineering,Computer Science,"Undergraduate, 1st year (2026)",Male,Other club/team,Domestic,,Ohio,5,5,5,4,,,,,,,,
2023-04-20 19:06:08,2023-04-20 19:08:28,IP Address,*******,100,140,True,2023-04-20 19:08:28,R_2cehH6TgBWNEsH1,*******,*******,*******,*******,*******,*******,qr,EN,(ENG) College of Engineering,Electrical and Computer Engineering,Graduate student,Female,Other club/team,International,India,,7,0,0,4,https://open.spotify.com/user/whc30ixinkb9qw5xkfcn6pg5z?si=MIB3k780RrS6g4c4uXWpGw&dd=1,https://open.spotify.com/playlist/37i9dQZF1DWW2hj3ZtMbuO?si=zZgmp6_2SnqhUGU9Eyaeyg&dd=1,,,,,,ns756@cornell.edu
2023-04-13 20:30:26,2023-04-13 20:31:53,IP Address,*******,77,86,False,2023-04-20 20:31:55,R_W8JHNLenUGbvHMZ,*******,*******,*******,*******,*******,*******,anonymous,EN,(CALS) College of Agriculture and Life Sciences,Environmental Engineering,"Undergraduate, 2nd year (2025)",Male,Other club/team,Domestic,,Minnesota,5,3,4,5,,,,,,,,
2023-04-13 20:54:22,2023-04-13 21:02:08,IP Address,*******,77,465,False,2023-04-20 21:02:09,R_1n1rVEjlGc4Ul2c,*******,*******,*******,*******,*******,*******,anonymous,EN,(ILR) School of Industrial and Labor Relations,Industrial and Labor Relations,"Undergraduate, 1st year (2026)",Male,Other club/team,Domestic,,New York,7,5,6,2,,,,,,,,
2023-04-20 21:11:52,2023-04-20 21:14:47,IP Address,*******,100,174,True,2023-04-20 21:14:47,R_241N9GIgVb0tN0V,*******,*******,*******,*******,*******,*******,qr,EN,(ENG) College of Engineering,Operations Research and Engineering,"Undergraduate, 2nd year (2025)",Male,Other club/team,Domestic,,Ohio,2,8,2,4,https://open.spotify.com/user/seanlamacchia?si=jYc7W7WwT8-pCqh8LpqLrQ,https://open.spotify.com/playlist/37i9dQZF1EUMDoJuT8yJsl?si=Ru7p2RcPQCm_qRSnW1oe_Q,,,,,,srl95@cornell.edu
2023-04-13 21:29:48,2023-04-13 21:30:47,IP Address,*******,77,58,False,2023-04-20 21:30:51,R_22sNJAcpABveRtT,*******,*******,*******,*******,*******,*******,qr,EN,(ENG) College of Engineering,Computer Science,"Undergraduate, 2nd year (2025)",Female,"Project team,Other club/team",Domestic,,Texas,7,5,1,10,,,,,,,,
2023-04-13 21:29:42,2023-04-13 21:30:48,IP Address,*******,77,65,False,2023-04-20 21:30:55,R_24GinEfQoQMBMoS,*******,*******,*******,*******,*******,*******,qr,EN,(CALS) College of Agriculture and Life Sciences,Earth and Atmospheric Sciences,"Undergraduate, 2nd year (2025)",Male,Other club/team,Domestic,,Delaware,7,8,6,4,,,,,,,,
2023-04-11 20:19:51,2023-04-14 11:31:11,IP Address,*******,69,227480,False,2023-04-21 11:31:15,R_3oF7DAy3wj4Fs5e,*******,*******,*******,*******,*******,*******,anonymous,EN,(AS) College of Arts and Sciences,Computer Science,"Undergraduate, 1st year (2026)",Female,"Project team,Other club/team",Domestic,,Illinois,,,,,,,,,,,,
2023-04-14 18:42:32,2023-04-14 18:42:37,IP Address,*******,8,5,False,2023-04-21 18:42:44,R_roQGa98wGLBsYqR,*******,*******,*******,*******,*******,*******,qr,EN,,,,,,,,,,,,,,,,,,,,
2023-04-14 19:48:54,2023-04-14 19:49:48,IP Address,*******,77,54,False,2023-04-21 19:49:55,R_1C1v69yOxyP2Bvy,*******,*******,*******,*******,*******,*******,qr,EN,(CALS) College of Agriculture and Life Sciences,Information Science,"Undergraduate, 2nd year (2025)",Female,Sports team,Domestic,,Ohio,4,8,3,5,,,,,,,,
2023-04-15 02:03:12,2023-04-15 03:02:10,IP Address,*******,69,3538,False,2023-04-22 03:02:12,R_2di54amqzlIgPhL,*******,*******,*******,*******,*******,*******,qr,EN,(GRAD) Graduate School,Policy Analysis and Management,Graduate student,Female,Professional club,International,United States,,,,,,,,,,,,,
2023-04-15 09:17:16,2023-04-15 09:18:44,IP Address,*******,77,87,False,2023-04-22 09:18:50,R_3eqrkpFizNm5KNb,*******,*******,*******,*******,*******,*******,qr,EN,"(AAP) College of Architecture, Art and Planning",Architecture,"Undergraduate, 2nd year (2025)",Female,Other club/team,International,India,,5,1,8,7,,,,,,,,
2023-04-15 09:44:53,2023-04-15 10:04:13,IP Address,*******,77,1159,False,2023-04-22 10:04:19,R_1g7MaFiSHxdqPL6,*******,*******,*******,*******,*******,*******,qr,EN,(AS) College of Arts and Sciences,Information Science,"Undergraduate, 2nd year (2025)",Female,"Professional club,Other club/team",Domestic,,Wisconsin,7,1,5,2,,,,,,,,
2023-04-15 16:04:11,2023-04-15 16:04:26,IP Address,*******,8,14,False,2023-04-22 16:04:28,R_3iR666aR9OWmDh5,*******,*******,*******,*******,*******,*******,qr,EN,,,,,,,,,,,,,,,,,,,,
2023-04-22 16:20:35,2023-04-22 16:22:46,IP Address,*******,100,130,True,2023-04-22 16:22:46,R_1Cgq8hvlCGbAueR,*******,*******,*******,*******,*******,*******,qr,EN,(CALS) College of Agriculture and Life Sciences,Animal Science,"Undergraduate, 2nd year (2025)",Female,Other club/team,Domestic,,New York,9,10,4,5,"i have apple music ",ummm i have apple music,,,,,,chm75@cornell.edu
2023-04-22 16:20:44,2023-04-22 16:24:01,IP Address,*******,100,197,True,2023-04-22 16:24:02,R_2YXi8R0er140UtD,*******,*******,*******,*******,*******,*******,qr,EN,"(AAP) College of Architecture, Art and Planning",Architecture,"Undergraduate, 2nd year (2025)",Male,Project team,Domestic,,Illinois,3,4,4,3,https://open.spotify.com/user/3qu9523ujief7vb0wheia8yxm?si=ywbeBC27Tz6zbNJ5dzlmxA,https://open.spotify.com/playlist/37i9dQZF1DWSpF87bP6JSF?si=hJCf6mm9TU6I7ne1OVhpkw,,,,,,aoa24@cornell.edu
2023-04-15 20:36:48,2023-04-15 20:36:57,IP Address,*******,8,8,False,2023-04-22 20:36:59,R_3NUizWgyc2Ge97e,*******,*******,*******,*******,*******,*******,qr,EN,,,,,,,,,,,,,,,,,,,,
2023-04-16 13:15:43,2023-04-16 13:19:29,IP Address,*******,77,225,False,2023-04-23 13:19:33,R_d3ZInLpEb7JgB33,*******,*******,*******,*******,*******,*******,qr,EN,(CALS) College of Agriculture and Life Sciences,Animal Science,"Undergraduate, 2nd year (2025)",Female,Other club/team,Domestic,,New York,2,6,3,5,,,,,,,,
2023-04-23 14:00:09,2023-04-23 14:02:53,IP Address,*******,100,164,True,2023-04-23 14:02:54,R_sv9ywkb2R6XbpSN,*******,*******,*******,*******,*******,*******,anonymous,EN,(CALS) College of Agriculture and Life Sciences,Nutritional Sciences,"Undergraduate, 3rd year (2024)",Female,"Professional club,Project team",Domestic,,New York,5,4,5,6,https://open.spotify.com/user/kaybae.?si=55fce895d0be4bb0,https://open.spotify.com/playlist/1lWPt2Bd7cdb7wtqX6qlL4?si=2a2dd7edbb7442fe,https://open.spotify.com/playlist/0PsINHKMfS0hH0b5vjSOZW?si=73241e455fe944fc,https://open.spotify.com/playlist/5HSHEOuP9IS09UWpC3IWC1?si=e94552c39299434f,https://open.spotify.com/playlist/2zl5Uv8NGl6Q3g5dc6h6ov?si=783849faca264c9f,https://open.spotify.com/playlist/7uw8pNEERGXrt5Vw94mzsJ?si=fd11c6cc450643e7,https://open.spotify.com/playlist/1ICgNreX5Eev9bPJUFu1LI?si=f1bafef8b6354612,kh546@cornell.edu
2023-04-16 14:33:55,2023-04-16 14:35:19,IP Address,*******,77,83,False,2023-04-23 14:35:26,R_1QT9SwRNDZgajAJ,*******,*******,*******,*******,*******,*******,qr,EN,(AS) College of Arts and Sciences,Information Science,"Undergraduate, 3rd year (2024)",Male,"Project team,Other club/team",International,India,,8,9,9,5,,,,,,,,
2023-04-16 18:38:20,2023-04-16 18:42:37,IP Address,*******,77,257,False,2023-04-23 18:42:41,R_2B96mwgTQFu2iVY,*******,*******,*******,*******,*******,*******,qr,EN,(ILR) School of Industrial and Labor Relations,Industrial and Labor Relations,"Undergraduate, 4th year (2023)",Female,Other club/team,Domestic,,California,6,8,5,10,,,,,,,,
2023-04-16 19:22:17,2023-04-16 19:23:16,IP Address,*******,77,58,False,2023-04-23 19:23:17,R_3F4G4GTZjBfmNpP,*******,*******,*******,*******,*******,*******,qr,EN,(ILR) School of Industrial and Labor Relations,Industrial and Labor Relations,"Undergraduate, 3rd year (2024)",Female,Professional club,Domestic,,New York,7,6,5,7,,,,,,,,
2023-04-16 22:20:45,2023-04-16 22:24:26,IP Address,*******,77,220,False,2023-04-23 22:24:28,R_25GDNwFmpkB4jzT,*******,*******,*******,*******,*******,*******,qr,EN,(CALS) College of Agriculture and Life Sciences,Animal Science,"Undergraduate, 2nd year (2025)",Female,Other club/team,Domestic,,New York,9,8,7,8,,,,,,,,
2023-04-15 15:41:02,2023-04-17 09:07:21,IP Address,*******,77,149178,False,2023-04-24 09:07:22,R_3iRpoOir4Mj3sZn,*******,*******,*******,*******,*******,*******,anonymous,EN,(CALS) College of Agriculture and Life Sciences,Biology & Society,"Undergraduate, 3rd year (2024)",Female,Other club/team,Domestic,,Virginia,5,5,6,6,,,,,,,,
2023-04-18 13:58:09,2023-04-18 14:00:58,IP Address,*******,77,169,False,2023-04-25 14:03:05,R_3Eien2gujtjgPMB,*******,*******,*******,*******,*******,*******,qr,EN,(AS) College of Arts and Sciences,Government,"Undergraduate, 2nd year (2025)",Female,Other club/team,Domestic,,Maine,8,8,5,10,,,,,,,,
2023-04-18 14:19:38,2023-04-18 14:20:44,IP Address,*******,7,65,False,2023-04-25 14:20:48,R_3jfxfZkTNyX3z5Q,*******,*******,*******,*******,*******,*******,qr,EN,,,,,,,,,,,,,,,,,,,,
2023-04-17 16:16:47,2023-04-18 14:34:09,IP Address,*******,8,80242,False,2023-04-25 14:34:22,R_1Fs36sgCFDU5mrh,*******,*******,*******,*******,*******,*******,anonymous,EN,,,,,,,,,,,,,,,,,,,,
2023-04-18 14:39:24,2023-04-18 14:40:41,IP Address,*******,71,76,False,2023-04-25 14:40:51,R_3dWy46eIb4Pz63m,*******,*******,*******,*******,*******,*******,anonymous,EN,(AS) College of Arts and Sciences,Information Science,"Undergraduate, 1st year (2026)",Male,"Professional club,Other club/team",Domestic,,Pennsylvania,3,4,4,3,,,,,,,,
2023-04-18 14:51:50,2023-04-18 14:52:23,IP Address,*******,64,33,False,2023-04-25 14:52:29,R_31yY9kxJRNuvz0Q,*******,*******,*******,*******,*******,*******,anonymous,EN,(AS) College of Arts and Sciences,Government,"Undergraduate, 3rd year (2024)",Female,Professional club,Domestic,,New York,,,,,,,,,,,,
2023-04-18 15:03:04,2023-04-18 15:04:33,IP Address,*******,71,89,False,2023-04-25 15:04:38,R_OfHODSBKoIzxarD,*******,*******,*******,*******,*******,*******,anonymous,EN,(AS) College of Arts and Sciences,Government,"Undergraduate, 1st year (2026)",Male,Other club/team,Domestic,,Maryland,2,5,3,2,,,,,,,,
2023-04-18 15:11:15,2023-04-18 15:12:08,IP Address,*******,71,52,False,2023-04-25 15:12:11,R_1mXib2Yi1Bc3eu8,*******,*******,*******,*******,*******,*******,anonymous,EN,(AS) College of Arts and Sciences,Physics,"Undergraduate, 2nd year (2025)",Female,Sports team,Domestic,,Virginia,6,6,6,5,,,,,,,,
2023-04-18 15:15:05,2023-04-18 15:16:14,IP Address,*******,71,69,False,2023-04-25 15:16:22,R_12sFm81XmxmqQkf,*******,*******,*******,*******,*******,*******,anonymous,EN,(ENG) College of Engineering,Computer Science,"Undergraduate, 1st year (2026)",Male,Project team,Domestic,,Virginia,5,3,3,8,,,,,,,,
2023-04-11 19:29:25,2023-04-18 15:26:17,IP Address,*******,69,590212,False,2023-04-25 15:26:23,R_1E5J0YmNXA9Jd4r,*******,*******,*******,*******,*******,*******,anonymous,EN,(CALS) College of Agriculture and Life Sciences,Information Science,"Undergraduate, 3rd year (2024)",Male,"Professional club,Project team,Other club/team",Domestic,,New York,,,,,,,,,,,,
2023-04-18 15:32:47,2023-04-18 15:33:46,IP Address,*******,71,58,False,2023-04-25 15:33:48,R_2zwiO2TMrbgOQTb,*******,*******,*******,*******,*******,*******,anonymous,EN,(HUMEC) College of Human Ecology,"Human Biology, Health and Society","Undergraduate, 3rd year (2024)",Female,Greek life,Domestic,,Pennsylvania,5,5,5,1,,,,,,,,
2023-04-18 15:32:57,2023-04-18 15:33:57,IP Address,*******,71,60,False,2023-04-25 15:33:58,R_tQURIgueLlFtspX,*******,*******,*******,*******,*******,*******,anonymous,EN,(SPP) Jeb E. Brooks School of Public Policy,Policy Analysis and Management,"Undergraduate, 3rd year (2024)",Female,Other club/team,Domestic,,New York,4,4,5,6,,,,,,,,
2023-04-18 15:38:23,2023-04-18 15:39:12,IP Address,*******,71,49,False,2023-04-25 15:39:16,R_1ODFy6WuvRmNGbn,*******,*******,*******,*******,*******,*******,anonymous,EN,"(AAP) College of Architecture, Art and Planning",Urban and Regional Studies,"Undergraduate, 1st year (2026)",Male,"Professional club,Project team,Other club/team",Domestic,,New York,7,6,6,6,,,,,,,,
2023-04-18 15:36:34,2023-04-18 15:40:17,IP Address,*******,71,223,False,2023-04-25 15:40:22,R_0cadAH8MLyOAtiN,*******,*******,*******,*******,*******,*******,anonymous,EN,(AS) College of Arts and Sciences,History of Art,"Undergraduate, 4th year (2023)",Female,Other club/team,Domestic,,Pennsylvania,5,9,3,10,,,,,,,,
2023-04-18 15:52:31,2023-04-18 15:54:10,IP Address,*******,71,98,False,2023-04-25 15:54:15,R_2dJWRdSaJAqKryj,*******,*******,*******,*******,*******,*******,anonymous,EN,(AS) College of Arts and Sciences,Anthropology,"Undergraduate, 3rd year (2024)",Female,Greek life,Domestic,,Oregon,4,6,8,8,,,,,,,,
2023-04-18 16:08:51,2023-04-18 16:09:05,IP Address,*******,7,13,False,2023-04-25 16:09:08,R_pKxaG2N8PCfdLlD,*******,*******,*******,*******,*******,*******,anonymous,EN,,,,,,,,,,,,,,,,,,,,
2023-04-18 16:12:30,2023-04-18 16:12:37,IP Address,*******,7,6,False,2023-04-25 16:12:39,R_26c1mdY3sRaWVNo,*******,*******,*******,*******,*******,*******,anonymous,EN,,,,,,,,,,,,,,,,,,,,
2023-04-18 16:58:01,2023-04-18 16:58:06,IP Address,*******,7,4,False,2023-04-25 16:58:11,R_2zSg8OIICdtptJv,*******,*******,*******,*******,*******,*******,anonymous,EN,,,,,,,,,,,,,,,,,,,,
2023-04-18 17:14:51,2023-04-18 17:15:09,IP Address,*******,7,18,False,2023-04-25 17:15:10,R_cxb196dSJNBqI0N,*******,*******,*******,*******,*******,*******,qr,EN,,,,,,,,,,,,,,,,,,,,
2023-04-18 17:35:25,2023-04-18 17:36:57,IP Address,*******,71,92,False,2023-04-25 17:37:03,R_12uuMVM9VkFOiT2,*******,*******,*******,*******,*******,*******,qr,EN,(AS) College of Arts and Sciences,Mathematics,"Undergraduate, 2nd year (2025)",Female,Other club/team,Domestic,,Georgia,4,8,3,5,,,,,,,,
2023-04-18 18:15:01,2023-04-18 18:17:32,IP Address,*******,71,150,False,2023-04-25 18:17:34,R_1hApjDkHG30TIBJ,*******,*******,*******,*******,*******,*******,qr,EN,(ENG) College of Engineering,Electrical and Computer Engineering,Graduate student,Female,"Professional club,Project team",International,Sri Lanka,,4,2,2,2,,,,,,,,
2023-04-18 18:27:30,2023-04-18 18:27:34,IP Address,*******,7,3,False,2023-04-25 18:27:37,R_1ODk57h6Es5ovHo,*******,*******,*******,*******,*******,*******,anonymous,EN,,,,,,,,,,,,,,,,,,,,
2023-04-18 18:28:32,2023-04-18 18:29:16,IP Address,*******,71,44,False,2023-04-25 18:29:20,R_3EMWG1ohm5xUUcX,*******,*******,*******,*******,*******,*******,anonymous,EN,"(AAP) College of Architecture, Art and Planning",Architecture,"Undergraduate, 3rd year (2024)",Female,Other club/team,Domestic,,California,7,7,6,5,,,,,,,,
2023-04-18 20:57:25,2023-04-18 20:57:37,IP Address,*******,7,11,False,2023-04-25 20:57:41,R_1CpvPP77aWG9HX0,*******,*******,*******,*******,*******,*******,anonymous,EN,,,,,,,,,,,,,,,,,,,,
2023-04-19 09:03:58,2023-04-19 09:04:51,IP Address,*******,71,53,False,2023-04-26 09:06:22,R_2bHTUOiEgfIsAaa,*******,*******,*******,*******,*******,*******,anonymous,EN,(AS) College of Arts and Sciences,Information Science,"Undergraduate, 3rd year (2024)",Female,Other club/team,Domestic,,North Carolina,7,8,7,7,,,,,,,,
2023-04-19 13:08:50,2023-04-19 13:09:18,IP Address,*******,64,28,False,2023-04-26 13:09:24,R_3oBekggAjWTnzF1,*******,*******,*******,*******,*******,*******,qr,EN,(CALS) College of Agriculture and Life Sciences,Biological Engineering,"Undergraduate, 2nd year (2025)",Female,"Professional club,Project team",Domestic,,New York,,,,,,,,,,,,
2023-04-26 15:23:50,2023-04-26 15:26:10,IP Address,*******,100,139,True,2023-04-26 15:26:10,R_2RWV8Lat6jhYCo8,*******,*******,*******,*******,*******,*******,anonymous,EN,(AS) College of Arts and Sciences,Statistical Science,"Undergraduate, 2nd year (2025)",Male,"Professional club,Project team",Domestic,,New York,7,7,4,5,https://open.spotify.com/user/317fva6tkhzg3zhuz7jqbticmoqq?si=4346b484cc6d4d4b,https://open.spotify.com/playlist/1XUrOzhYMYjeHoJhGd8RHn?si=246214b924534493,,,https://open.spotify.com/playlist/3KxWiabpbgF6nbfu8vrWu9?si=c8bde2c13b1347ee,,,
2023-04-18 16:08:54,2023-04-19 18:24:55,IP Address,*******,71,94560,False,2023-04-26 18:24:59,R_1i8cccGtYOWXoGn,*******,*******,*******,*******,*******,*******,anonymous,EN,(ENG) College of Engineering,Computer Science,"Undergraduate, 1st year (2026)",Female,"Project team,Other club/team",Domestic,,California,3,4,4,4,,,,,,,,
2023-04-26 20:53:50,2023-04-26 20:57:24,IP Address,*******,100,213,True,2023-04-26 20:57:25,R_3kwfeH4raoesZiO,*******,*******,*******,*******,*******,*******,qr,EN,(AS) College of Arts and Sciences,Mathematics,"Undergraduate, 1st year (2026)",Male,Other club/team,International,Slovenia,,10,7,4,3,https://open.spotify.com/user/zzigak,https://open.spotify.com/playlist/37i9dQZF1F0sijgNaJdgit?si=84f59c78bc614dde,,,,,,zk66@cornell.edu
2023-04-26 20:52:18,2023-04-26 20:57:32,IP Address,*******,100,313,True,2023-04-26 20:57:32,R_3KCni0P45KiEkuG,*******,*******,*******,*******,*******,*******,qr,EN,(CALS) College of Agriculture and Life Sciences,Biometry and Statistics,"Undergraduate, 2nd year (2025)",Female,"Professional club,Project team,Other club/team",Domestic,,New York,4,4,4,5,https://open.spotify.com/user/kjtai?si=76189a37a1814480,https://open.spotify.com/playlist/74jVE9KAr6ZcgruMQGnDfx?si=386aa2674e1f41a2,,https://open.spotify.com/playlist/5yZMQxX51f4S02OhM56POa?si=078433da93944c14,,,https://open.spotify.com/playlist/0SkPSwqZVAhSBzDhK6GVQ4?si=db0eed8d00644910,
2023-04-26 20:56:21,2023-04-26 21:01:11,IP Address,*******,100,290,True,2023-04-26 21:01:12,R_vuXNbDSe05VV4WZ,*******,*******,*******,*******,*******,*******,qr,EN,(AS) College of Arts and Sciences,Computer Science,"Undergraduate, 1st year (2026)",Male,Other club/team,Domestic,,Maryland,4,8,3,3,https://open.spotify.com/user/97mi316dq36dfamaknfag208q?si=FGIQNlDeSBqeVN8Dnoreow,https://open.spotify.com/playlist/66wgLF7XDGqkNjuFhU3kIo?si=Ufz6XwxwSPyfVFB9iU7sqg,,,,,,
2023-04-26 21:18:16,2023-04-26 21:27:33,IP Address,*******,100,556,True,2023-04-26 21:27:34,R_u3NpJMlIRwHc6IN,*******,*******,*******,*******,*******,*******,qr,EN,(ENG) College of Engineering,Biomedical Engineering,"Undergraduate, 1st year (2026)",Female,Other club/team,Domestic,,New York,8,5,4,5,https://open.spotify.com/user/jec5zqzb11o9e0elcp77deuqw?si=0bf33314486142b9,https://open.spotify.com/playlist/37i9dQZF1EpgqtcMTUFHiN?si=9b09a5f3ce7b41a5,,,,,,ac2566@cornell.edu
2023-04-20 10:19:25,2023-04-20 10:19:28,IP Address,*******,7,2,False,2023-04-27 10:27:04,R_pLYmhitM6zlFxsd,*******,*******,*******,*******,*******,*******,anonymous,EN,,,,,,,,,,,,,,,,,,,,
2023-04-22 16:20:44,2023-04-22 16:21:48,IP Address,*******,71,64,False,2023-04-29 16:21:56,R_1rICS4Q5dlYVj5h,*******,*******,*******,*******,*******,*******,qr,EN,(AS) College of Arts and Sciences,Biological Sciences,"Undergraduate, 2nd year (2025)",Male,"Greek life,Professional club,Other club/team",Domestic,,South Dakota,6,4,4,3,,,,,,,,
